<?xml version="1.0" encoding="utf-8"?>
<SoundBanksInfo Platform="Windows" BasePlatform="Windows" SchemaVersion="12" SoundbankVersion="135">
	<RootPaths>
		<ProjectRoot>/Users/stavhinenzon/Library/Application Support/Wwise2019/Bottles/Wwise2019x64/dosdevices/y:/Side Projects/inkjam2020/InkJam2020Game/InkJam2020Game_WwiseProject/</ProjectRoot>
		<SourceFilesRoot>/Users/stavhinenzon/Library/Application Support/Wwise2019/Bottles/Wwise2019x64/dosdevices/y:/Side Projects/inkjam2020/InkJam2020Game/InkJam2020Game_WwiseProject/.cache/Windows/</SourceFilesRoot>
		<SoundBanksRoot>/Users/stavhinenzon/Library/Application Support/Wwise2019/Bottles/Wwise2019x64/dosdevices/y:/Side Projects/inkjam2020/InkJam2020Game/InkJam2020Game_WwiseProject/GeneratedSoundBanks/Windows/</SoundBanksRoot>
		<ExternalSourcesInputFile></ExternalSourcesInputFile>
		<ExternalSourcesOutputRoot>/Users/stavhinenzon/Library/Application Support/Wwise2019/Bottles/Wwise2019x64/dosdevices/y:/Side Projects/inkjam2020/InkJam2020Game/InkJam2020Game_WwiseProject/GeneratedSoundBanks/Windows</ExternalSourcesOutputRoot>
	</RootPaths>
	<DialogueEvents/>
	<StreamedFiles/>
	<MediaFilesNotInAnyBank/>
	<SoundBanks>
		<SoundBank Id="1355168291" Language="SFX">
			<ObjectPath>Init</ObjectPath>
			<ShortName>Init</ShortName>
			<Path>Init.bnk</Path>
		</SoundBank>
	</SoundBanks>
</SoundBanksInfo>
